country,player,position,club,shirt_number,age,caps
Algeria,Melvin Mastil,GK,Stade Nyonnais,1,26,1
Algeria,Aïssa Mandi,DF,Lille,2,34,117
Algeria,Achref Abada,DF,USM Alger,3,26,7
Algeria,Mohamed Amine Tougai,DF,Espérance de Tunis,4,26,29
Algeria,Zineddine Belaïd,DF,JS Kabylie,5,27,10
Algeria,Ramiz Zerrouki,MF,Twente,6,28,52
Algeria,Riyad Mahrez,FW,Al-Ahli,7,35,114
Algeria,Houssem Aouar,MF,Al-Ittihad,8,27,20
Algeria,Amine Gouiri,FW,Marseille,9,26,22
Algeria,Farès Chaïbi,MF,Eintracht Frankfurt,10,23,29
Algeria,Anis Hadj Moussa,FW,Feyenoord,11,24,14
Algeria,Nadhir Benbouali,FW,Győri ETO,12,26,3
Algeria,Jaouen Hadjam,DF,Young Boys,13,23,17
Algeria,Hicham Boudaoui,MF,Nice,14,26,32
Algeria,Rayan Aït-Nouri,DF,Manchester City,15,25,28
Algeria,Oussama Benbot,GK,USM Alger,16,31,2
Algeria,Rafik Belghali,DF,Hellas Verona,17,24,12
Algeria,Mohamed Amoura,FW,VfL Wolfsburg,18,26,45
Algeria,Nabil Bentaleb,MF,Lille,19,31,59
Algeria,Adil Boulbina,FW,Al-Duhail,20,23,11
Algeria,Ramy Bensebaini,DF,Borussia Dortmund,21,31,81
Algeria,Ibrahim Maza,MF,Bayer Leverkusen,22,20,16
Algeria,Luca Zidane,GK,Granada,23,28,7
Algeria,Yacine Titraoui,MF,Charleroi,24,22,5
Algeria,Farès Ghedjemis,FW,Frosinone,25,23,1
Algeria,Samir Chergui,DF,Paris FC,26,27,4
Argentina,Juan Musso,GK,Atlético Madrid,1,32,4
Argentina,Nicolás Tagliafico,DF,Lyon,3,33,76
Argentina,Gonzalo Montiel,DF,River Plate,4,29,38
Argentina,Leandro Paredes,MF,Boca Juniors,5,31,77
Argentina,Lisandro Martínez,DF,Manchester United,6,28,27
Argentina,Rodrigo De Paul,MF,Inter Miami CF,7,32,86
Argentina,Valentín Barco,MF,Strasbourg,8,21,3
Argentina,Julián Alvarez,FW,Atlético Madrid,9,26,51
Argentina,Lionel Messi,FW,Inter Miami CF,10,38,198
Argentina,Giovani Lo Celso,MF,Real Betis,11,30,66
Argentina,Gerónimo Rulli,GK,Marseille,12,34,7
Argentina,Cristian Romero,DF,Tottenham Hotspur,13,28,50
Argentina,Exequiel Palacios,MF,Bayer Leverkusen,14,27,39
Argentina,Nicolás González,MF,Atlético Madrid,15,28,50
Argentina,Thiago Almada,FW,Atlético Madrid,16,25,15
Argentina,Giuliano Simeone,FW,Atlético Madrid,17,23,12
Argentina,Nico Paz,FW,Como,18,21,8
Argentina,Nicolás Otamendi,DF,Benfica,19,38,131
Argentina,Alexis Mac Allister,MF,Liverpool,20,27,45
Argentina,José Manuel López,FW,Palmeiras,21,25,4
Argentina,Lautaro Martínez,FW,Inter Milan,22,28,76
Argentina,Emiliano Martínez,GK,Aston Villa,23,33,59
Argentina,Enzo Fernández,MF,Chelsea,24,25,41
Argentina,Facundo Medina,DF,Marseille,25,27,8
Argentina,Nahuel Molina,DF,Atlético Madrid,26,28,58
Australia,Mathew Ryan,GK,Levante,1,34,104
Australia,Miloš Degenek,DF,APOEL,2,32,57
Australia,Alessandro Circati,DF,Parma,3,22,13
Australia,Jacob Italiano,DF,Grazer AK,4,24,5
Australia,Jordan Bos,DF,Feyenoord,5,23,27
Australia,Jason Geria,DF,Albirex Niigata,6,33,14
Australia,Mathew Leckie,FW,Melbourne City,7,35,80
Australia,Connor Metcalfe,MF,FC St. Pauli,8,26,36
Australia,Mohamed Touré,FW,Norwich City,9,22,10
Australia,Ajdin Hrustic,FW,Heracles Almelo,10,29,37
Australia,Awer Mabil,FW,Castellón,11,30,38
Australia,Paul Izzo,GK,Randers,12,31,4
Australia,Aiden O'Neill,MF,New York City FC,13,27,31
Australia,Cammy Devlin,MF,Heart of Midlothian,14,28,5
Australia,Kai Trewin,DF,New York City FC,15,25,6
Australia,Aziz Behich,DF,Melbourne City,16,35,84
Australia,Nestory Irankunda,FW,Watford,17,20,15
Australia,Patrick Beach,GK,Melbourne City,18,22,2
Australia,Harry Souttar,DF,Leicester City,19,27,38
Australia,Cristian Volpato,FW,Sassuolo,20,22,1
Australia,Cameron Burgess,DF,Swansea City,21,30,27
Australia,Jackson Irvine,MF,FC St. Pauli,22,33,82
Australia,Nishan Velupillay,FW,Melbourne Victory,23,25,7
Australia,Paul Okon-Engstler,MF,Sydney FC,24,21,6
Australia,Lucas Herrington,DF,Colorado Rapids,25,18,4
Australia,Tete Yengi,FW,Machida Zelvia,26,25,1
Austria,Alexander Schlager,GK,Red Bull Salzburg,1,30,26
Austria,David Affengruber,DF,Elche,2,25,1
Austria,Kevin Danso,DF,Tottenham Hotspur,3,27,32
Austria,Xaver Schlager,MF,RB Leipzig,4,28,51
Austria,Stefan Posch,DF,Mainz 05,5,29,52
Austria,Nicolas Seiwald,MF,RB Leipzig,6,25,47
Austria,Marko Arnautović,FW,Red Star Belgrade,7,37,133
Austria,David Alaba,DF,Real Madrid,8,33,113
Austria,Marcel Sabitzer,MF,Borussia Dortmund,9,32,98
Austria,Florian Grillitsch,MF,Braga,10,30,58
Austria,Michael Gregoritsch,FW,FC Augsburg,11,32,75
Austria,Florian Wiegele,GK,Viktoria Plzeň,12,25,1
Austria,Patrick Pentz,GK,Brøndby,13,29,18
Austria,Saša Kalajdžić,FW,LASK,14,28,22
Austria,Philipp Lienhart,DF,SC Freiburg,15,29,41
Austria,Phillipp Mwene,DF,Mainz 05,16,32,30
Austria,Carney Chukwuemeka,MF,Borussia Dortmund,17,22,3
Austria,Romano Schmid,MF,Werder Bremen,18,26,34
Austria,Konrad Laimer,MF,Bayern Munich,20,29,57
Austria,Patrick Wimmer,FW,VfL Wolfsburg,21,25,30
Austria,Alexander Prass,MF,TSG Hoffenheim,22,25,19
Austria,Marco Friedl,DF,Werder Bremen,23,28,11
Austria,Paul Wanner,MF,PSV Eindhoven,24,20,3
Austria,Michael Svoboda,DF,Venezia,25,27,4
Austria,Alessandro Schöpf,MF,Wolfsberger AC,26,32,35
Belgium,Thibaut Courtois,GK,Real Madrid,1,34,109
Belgium,Zeno Debast,DF,Sporting CP,2,22,26
Belgium,Arthur Theate,DF,Eintracht Frankfurt,3,26,33
Belgium,Brandon Mechele,DF,Club Brugge,4,33,9
Belgium,Maxim De Cuyper,DF,Brighton & Hove Albion,5,25,19
Belgium,Axel Witsel,MF,Girona,6,37,138
Belgium,Kevin De Bruyne,MF,Napoli,7,34,119
Belgium,Youri Tielemans,MF,Aston Villa,8,29,85
Belgium,Romelu Lukaku,FW,Napoli,9,33,126
Belgium,Leandro Trossard,FW,Arsenal,10,31,51
Belgium,Jérémy Doku,FW,Manchester City,11,24,43
Belgium,Senne Lammens,GK,Manchester United,12,23,2
Belgium,Mike Penders,GK,Strasbourg,13,20,0
Belgium,Dodi Lukébakio,FW,Benfica,14,28,30
Belgium,Thomas Meunier,DF,Lille,15,34,80
Belgium,Koni De Winter,DF,Milan,16,23,8
Belgium,Charles De Ketelaere,FW,Atalanta,17,25,30
Belgium,Joaquin Seys,DF,Club Brugge,18,21,5
Belgium,Diego Moreira,MF,Strasbourg,19,21,3
Belgium,Hans Vanaken,MF,Club Brugge,20,33,34
Belgium,Timothy Castagne,DF,Fulham,21,30,63
Belgium,Alexis Saelemaekers,MF,Milan,22,26,24
Belgium,Nicolas Raskin,MF,Rangers,23,25,13
Belgium,Amadou Onana,MF,Aston Villa,24,24,29
Belgium,Nathan Ngoy,DF,Lille,25,23,4
Belgium,Matias Fernandez-Pardo,FW,Lille,26,21,2
Bosnia and Herzegovina,Nikola Vasilj,GK,FC St. Pauli,1,30,26
Bosnia and Herzegovina,Nihad Mujakić,DF,Gaziantep,2,28,12
Bosnia and Herzegovina,Dennis Hadžikadunić,DF,Sampdoria,3,27,32
Bosnia and Herzegovina,Tarik Muharemović,DF,Sassuolo,4,23,14
Bosnia and Herzegovina,Sead Kolašinac,DF,Atalanta,5,32,65
Bosnia and Herzegovina,Benjamin Tahirović,MF,Brøndby,6,23,28
Bosnia and Herzegovina,Amar Dedić,DF,Benfica,7,23,28
Bosnia and Herzegovina,Armin Gigović,MF,Young Boys,8,24,20
Bosnia and Herzegovina,Samed Baždar,FW,Jagiellonia Białystok,9,22,13
Bosnia and Herzegovina,Ermedin Demirović,FW,VfB Stuttgart,10,28,40
Bosnia and Herzegovina,Edin Džeko,FW,Schalke 04,11,40,148
Bosnia and Herzegovina,Mladen Jurkas,GK,Borac Banja Luka,12,18,0
Bosnia and Herzegovina,Ivan Bašić,MF,Astana,13,24,17
Bosnia and Herzegovina,Ivan Šunjić,MF,Pafos,14,29,11
Bosnia and Herzegovina,Amar Memić,MF,Viktoria Plzeň,15,25,13
Bosnia and Herzegovina,Amir Hadžiahmetović,MF,Hull City,16,29,36
Bosnia and Herzegovina,Dženis Burnić,MF,Karlsruher SC,17,28,20
Bosnia and Herzegovina,Nikola Katić,DF,Schalke 04,18,29,17
Bosnia and Herzegovina,Kerim Alajbegović,FW,Red Bull Salzburg,19,18,10
Bosnia and Herzegovina,Esmir Bajraktarević,FW,PSV Eindhoven,20,21,16
Bosnia and Herzegovina,Stjepan Radeljić,DF,Rijeka,21,28,5
Bosnia and Herzegovina,Martin Zlomislić,GK,Rijeka,22,27,3
Bosnia and Herzegovina,Haris Tabaković,FW,Borussia Mönchengladbach,23,31,10
Bosnia and Herzegovina,Nidal Čelik,DF,Lens,24,19,2
Bosnia and Herzegovina,Jovo Lukić,FW,Universitatea Cluj,25,27,3
Bosnia and Herzegovina,Ermin Mahmić,MF,Slovan Liberec,26,21,2
Brazil,Alisson,GK,Liverpool,1,33,78
Brazil,Éderson Silva,MF,Atalanta,2,26,3
Brazil,Gabriel Magalhães,DF,Arsenal,3,28,17
Brazil,Marquinhos,DF,Paris Saint-Germain,4,32,105
Brazil,Casemiro,MF,Manchester United,5,34,86
Brazil,Alex Sandro,DF,Flamengo,6,35,45
Brazil,Vinícius Júnior,FW,Real Madrid,7,25,49
Brazil,Bruno Guimarães,MF,Newcastle United,8,28,43
Brazil,Matheus Cunha,FW,Manchester United,9,27,23
Brazil,Neymar,FW,Santos,10,34,128
Brazil,Raphinha,FW,Barcelona,11,29,39
Brazil,Weverton,GK,Grêmio,12,38,11
Brazil,Danilo Luiz,DF,Flamengo,13,34,70
Brazil,Bremer,DF,Juventus,14,29,8
Brazil,Léo Pereira,DF,Flamengo,15,30,4
Brazil,Douglas Santos,DF,Zenit Saint Petersburg,16,32,7
Brazil,Fabinho,MF,Al-Ittihad,17,32,33
Brazil,Danilo Santos,MF,Botafogo,18,25,4
Brazil,Endrick,FW,Lyon,19,19,17
Brazil,Lucas Paquetá,MF,Flamengo,20,28,63
Brazil,Luiz Henrique,FW,Zenit Saint Petersburg,21,25,15
Brazil,Gabriel Martinelli,FW,Arsenal,22,24,23
Brazil,Ederson Moraes,GK,Fenerbahçe,23,32,32
Brazil,Roger Ibañez,DF,Al-Ahli,24,27,7
Brazil,Igor Thiago,FW,Brentford,25,24,4
Brazil,Rayan,FW,Bournemouth,26,19,2
Canada,Dayne St. Clair,GK,Inter Miami CF,1,29,20
Canada,Alistair Johnston,DF,Celtic,2,27,58
Canada,Alfie Jones,DF,Middlesbrough,3,28,2
Canada,Luc de Fougerolles,DF,Dender,4,20,13
Canada,Joel Waterman,DF,Chicago Fire FC,5,30,17
Canada,Mathieu Choinière,MF,Los Angeles FC,6,27,23
Canada,Stephen Eustáquio,MF,Los Angeles FC,7,29,56
Canada,Ismaël Koné,MF,Sassuolo,8,23,40
Canada,Cyle Larin,FW,Southampton,9,31,90
Canada,Jonathan David,FW,Juventus,10,26,77
Canada,Liam Millar,MF,Hull City,11,26,41
Canada,Tani Oluwaseyi,FW,Villarreal,12,26,24
Canada,Derek Cornelius,DF,Rangers,13,28,44
Canada,Jacob Shaffelburg,MF,Los Angeles FC,14,26,31
Canada,Moïse Bombito,DF,Nice,15,26,20
Canada,Maxime Crépeau,GK,Orlando City SC,16,32,32
Canada,Tajon Buchanan,FW,Villarreal,17,27,60
Canada,Owen Goodman,GK,Barnsley,18,22,0
Canada,Alphonso Davies,DF,Bayern Munich,19,25,58
Canada,Ali Ahmed,FW,Norwich City,20,25,24
Canada,Jonathan Osorio,MF,Toronto FC,21,33,90
Canada,Richie Laryea,DF,Toronto FC,22,31,75
Canada,Niko Sigur,DF,Hajduk Split,23,22,19
Canada,Promise David,FW,Union Saint-Gilloise,24,24,10
Canada,Nathan Saliba,MF,Anderlecht,25,22,15
Cape Verde,Vozinha,GK,Chaves,1,40,86
Cape Verde,Stopira,DF,Torreense,2,38,62
Cape Verde,Diney,DF,Al Bataeh,3,31,30
Cape Verde,Roberto Lopes,DF,Shamrock Rovers,4,33,45
Cape Verde,Logan Costa,DF,Villarreal,5,25,28
Cape Verde,Kevin Pina,MF,Krasnodar,6,29,31
Cape Verde,Jovane Cabral,MF,Estrela Amadora,7,27,27
Cape Verde,João Paulo,MF,FCSB,8,28,42
Cape Verde,Gilson Benchimol,FW,Akron Tolyatti,9,24,22
Cape Verde,Jamiro Monteiro,MF,PEC Zwolle,10,32,55
Cape Verde,Garry Rodrigues,MF,Apollon Limassol,11,35,60
Cape Verde,Márcio Rosa,GK,Montana,12,29,11
Cape Verde,Sidny Lopes Cabral,DF,Benfica,13,23,9
Cape Verde,Deroy Duarte,MF,Ludogorets Razgrad,14,26,30
Cape Verde,Laros Duarte,MF,Puskás Akadémia,15,29,13
Cape Verde,Yannick Semedo,MF,Farense,16,30,10
Cape Verde,Willy Semedo,MF,Omonia,17,32,38
Cape Verde,Telmo Arcanjo,MF,Vitória de Guimarães,18,24,16
Cape Verde,Dailon Livramento,FW,Casa Pia,19,25,22
Cape Verde,Ryan Mendes,FW,Iğdır,20,36,98
Cape Verde,Nuno da Costa,MF,İstanbul Başakşehir,21,35,9
Cape Verde,Steven Moreira,DF,Columbus Crew,22,31,20
Cape Verde,CJ dos Santos,GK,San Diego FC,23,25,1
Cape Verde,Wagner Pina,DF,Trabzonspor,24,23,13
Cape Verde,Kelvin Pires,DF,SJK,25,26,5
Cape Verde,Hélio Varela,MF,Maccabi Tel Aviv,26,24,20
Colombia,David Ospina,GK,Atlético Nacional,1,37,130
Colombia,Daniel Muñoz,DF,Crystal Palace,2,30,46
Colombia,Jhon Lucumí,DF,Bologna,3,27,37
Colombia,Santiago Arias,DF,Independiente,4,34,68
Colombia,Kevin Castaño,MF,River Plate,5,25,25
Colombia,Richard Ríos,MF,Benfica,6,26,32
Colombia,Luis Díaz,FW,Bayern Munich,7,29,74
Colombia,Jorge Carrascal,MF,Flamengo,8,28,24
Colombia,Jhon Córdoba,FW,Krasnodar,9,33,21
Colombia,James Rodríguez,MF,Minnesota United FC,10,34,126
Colombia,Jhon Arias,MF,Palmeiras,11,28,38
Colombia,Camilo Vargas,GK,Atlas,12,37,42
Colombia,Yerry Mina,DF,Cagliari,13,31,54
Colombia,Gustavo Puerta,DF,Racing Santander,14,22,6
Colombia,Juan Portilla,MF,Athletico Paranaense,15,27,10
Colombia,Jefferson Lerma,MF,Crystal Palace,16,31,65
Colombia,Johan Mojica,DF,Mallorca,17,33,45
Colombia,Willer Ditta,DF,Cruz Azul,18,28,5
Colombia,Cucho Hernández,FW,Real Betis,19,27,9
Colombia,Juan Fernando Quintero,MF,River Plate,20,33,49
Colombia,Jaminton Campaz,FW,Rosario Central,21,26,10
Colombia,Deiver Machado,DF,Nantes,22,32,15
Colombia,Davinson Sánchez,DF,Galatasaray,23,29,79
Colombia,Álvaro Montero,GK,Vélez Sarsfield,24,31,12
Colombia,Luis Suárez,FW,Sporting CP,25,28,12
Colombia,Andrés Gómez,FW,Vasco da Gama,26,23,8
Croatia,Dominik Livaković,GK,Dinamo Zagreb,1,31,75
Croatia,Josip Stanišić,DF,Bayern Munich,2,26,31
Croatia,Marin Pongračić,DF,Fiorentina,3,28,20
Croatia,Joško Gvardiol,DF,Manchester City,4,24,48
Croatia,Duje Ćaleta-Car,DF,Real Sociedad,5,29,38
Croatia,Josip Šutalo,DF,Ajax,6,26,33
Croatia,Nikola Moro,MF,Bologna,7,28,10
Croatia,Mateo Kovačić,MF,Manchester City,8,32,113
Croatia,Andrej Kramarić,FW,TSG Hoffenheim,9,34,116
Croatia,Luka Modrić,MF,Milan,10,40,198
Croatia,Ante Budimir,FW,Osasuna,11,34,38
Croatia,Ivor Pandur,GK,Hull City,12,26,0
Croatia,Nikola Vlašić,MF,Torino,13,28,63
Croatia,Ivan Perišić,FW,PSV Eindhoven,14,37,154
Croatia,Mario Pašalić,MF,Atalanta,15,31,85
Croatia,Martin Baturina,MF,Como,16,23,19
Croatia,Petar Sučić,MF,Inter Milan,17,22,17
Croatia,Kristijan Jakić,DF,FC Augsburg,18,29,17
Croatia,Toni Fruk,MF,Rijeka,19,25,7
Croatia,Igor Matanović,FW,SC Freiburg,20,23,9
Croatia,Luka Sučić,MF,Real Sociedad,21,23,21
Croatia,Luka Vušković,DF,Hamburger SV,22,19,5
Croatia,Dominik Kotarski,GK,Copenhagen,23,26,4
Croatia,Marco Pašalić,FW,Orlando City SC,24,25,15
Croatia,Martin Erlić,DF,Midtjylland,25,28,13
Croatia,Petar Musa,FW,FC Dallas,26,28,11
Curaçao,Eloy Room,GK,Miami FC,1,37,71
Curaçao,Shurandy Sambo,DF,Sparta Rotterdam,2,24,8
Curaçao,Juriën Gaari,DF,Abha,3,32,60
Curaçao,Roshon van Eijma,DF,RKC Waalwijk,4,28,28
Curaçao,Sherel Floranus,DF,PEC Zwolle,5,27,28
Curaçao,Godfried Roemeratoe,MF,RKC Waalwijk,6,26,28
Curaçao,Juninho Bacuna,MF,Volendam,7,28,49
Curaçao,Livano Comenencia,MF,Zürich,8,22,20
Curaçao,Jürgen Locadia,FW,Miami FC,9,32,13
Curaçao,Leandro Bacuna,MF,Iğdır,10,34,72
Curaçao,Jeremy Antonisse,FW,Kifisia,11,24,27
Curaçao,Sontje Hansen,FW,Middlesbrough,12,24,6
Curaçao,Tyrese Noslin,FW,Telstar,13,23,7
Curaçao,Kenji Gorré,FW,Maccabi Haifa,14,31,38
Curaçao,Ar'jany Martha,MF,Rotherham United,15,22,9
Curaçao,Jearl Margaritha,FW,Beveren,16,26,22
Curaçao,Brandley Kuwas,FW,Volendam,17,33,35
Curaçao,Armando Obispo,DF,PSV Eindhoven,18,27,6
Curaçao,Gervane Kastaneer,FW,Terengganu,19,30,29
Curaçao,Joshua Brenet,DF,Kayserispor,20,32,18
Curaçao,Tahith Chong,MF,Sheffield United,21,26,6
Curaçao,Kevin Felida,MF,Den Bosch,22,26,19
Curaçao,Riechedly Bazoer,DF,Konyaspor,23,29,5
Curaçao,Deveron Fonville,DF,NEC,24,23,2
Curaçao,Tyrick Bodak,GK,Telstar,25,24,4
Curaçao,Trevor Doornbusch,GK,VVV-Venlo,26,26,8
Czech Republic,Matěj Kovář,GK,PSV Eindhoven,1,26,20
Czech Republic,David Zima,DF,Slavia Prague,2,25,25
Czech Republic,Tomáš Holeš,DF,Slavia Prague,3,33,41
Czech Republic,Robin Hranáč,DF,TSG Hoffenheim,4,26,14
Czech Republic,Vladimír Coufal,DF,TSG Hoffenheim,5,33,62
Czech Republic,Štěpán Chaloupek,DF,Slavia Prague,6,23,5
Czech Republic,Ladislav Krejčí,DF,Wolverhampton Wanderers,7,27,27
Czech Republic,Vladimír Darida,MF,Hradec Králové,8,35,79
Czech Republic,Adam Hložek,FW,TSG Hoffenheim,9,23,43
Czech Republic,Patrik Schick,FW,Bayer Leverkusen,10,30,53
Czech Republic,Jan Kuchta,FW,Sparta Prague,11,29,31
Czech Republic,Lukáš Červ,MF,Viktoria Plzeň,12,25,17
Czech Republic,Mojmír Chytil,FW,Slavia Prague,13,27,22
Czech Republic,David Jurásek,DF,Slavia Prague,14,25,18
Czech Republic,Pavel Šulc,FW,Lyon,15,25,21
Czech Republic,Jindřich Staněk,GK,Slavia Prague,16,30,14
Czech Republic,Lukáš Provod,MF,Slavia Prague,17,29,38
Czech Republic,Michal Sadílek,MF,Slavia Prague,18,27,35
Czech Republic,Tomáš Chorý,FW,Slavia Prague,19,31,22
Czech Republic,Jaroslav Zelený,DF,Sparta Prague,20,33,23
Czech Republic,David Douděra,DF,Slavia Prague,21,28,17
Czech Republic,Tomáš Souček,MF,West Ham United,22,31,90
Czech Republic,Lukáš Horníček,GK,Braga,23,23,1
Czech Republic,Alexandr Sojka,MF,Viktoria Plzeň,24,23,2
Czech Republic,Hugo Sochůrek,MF,Sparta Prague,25,18,1
Czech Republic,Denis Višinský,FW,Viktoria Plzeň,26,23,2
DR Congo,Lionel Mpasi,GK,Le Havre,1,31,28
DR Congo,Aaron Wan-Bissaka,DF,West Ham United,2,28,11
DR Congo,Steve Kapuadi,DF,Widzew Łódź,3,28,4
DR Congo,Axel Tuanzebe,DF,Burnley,4,28,13
DR Congo,Dylan Batubinsika,DF,AEL,5,30,14
DR Congo,Ngal'ayel Mukau,MF,Lille,6,21,13
DR Congo,Nathanaël Mbuku,MF,Montpellier,7,24,18
DR Congo,Samuel Moutoussamy,MF,Atromitos,8,29,57
DR Congo,Brian Cipenga,FW,Castellón,9,28,7
DR Congo,Théo Bongonda,MF,Spartak Moscow,10,30,37
DR Congo,Gaël Kakuta,FW,AEL,11,34,30
DR Congo,Joris Kayembe,DF,Genk,12,31,25
DR Congo,Meschak Elia,FW,Alanyaspor,13,28,68
DR Congo,Noah Sadiki,MF,Sunderland,14,21,19
DR Congo,Aaron Tshibola,MF,Kilmarnock,15,31,16
DR Congo,Timothy Fayulu,GK,Noah,16,26,3
DR Congo,Cédric Bakambu,FW,Real Betis,17,35,69
DR Congo,Charles Pickel,MF,Espanyol,18,29,34
DR Congo,Fiston Mayele,FW,Pyramids,19,31,37
DR Congo,Yoane Wissa,FW,Newcastle United,20,29,37
DR Congo,Matthieu Epolo,GK,Standard Liège,21,21,1
DR Congo,Chancel Mbemba,DF,Lille,22,31,108
DR Congo,Simon Banza,FW,Al Jazira,23,29,15
DR Congo,Gédéon Kalulu,DF,Aris Limassol,24,28,28
DR Congo,Edo Kayembe,MF,Watford,25,28,42
DR Congo,Arthur Masuaku,DF,Lens,26,32,45
Ecuador,Hernán Galíndez,GK,Huracán,1,39,35
Ecuador,Félix Torres,DF,Internacional,2,29,49
Ecuador,Piero Hincapié,DF,Arsenal,3,24,52
Ecuador,Joel Ordóñez,DF,Club Brugge,4,22,17
Ecuador,Jordy Alcívar,MF,Independiente del Valle,5,26,11
Ecuador,Willian Pacho,DF,Paris Saint-Germain,6,24,34
Ecuador,Pervis Estupiñán,DF,Milan,7,28,54
Ecuador,Anthony Valencia,MF,Antwerp,8,22,3
Ecuador,John Yeboah,FW,Venezia,9,25,23
Ecuador,Kendry Páez,MF,River Plate,10,19,26
Ecuador,Kevin Rodríguez,FW,Union Saint-Gilloise,11,26,31
Ecuador,Moisés Ramírez,GK,Kifisia,12,25,7
Ecuador,Enner Valencia,FW,Pachuca,13,36,105
Ecuador,Alan Minda,MF,Atlético Mineiro,14,23,20
Ecuador,Pedro Vite,MF,UNAM,15,24,17
Ecuador,Jordy Caicedo,FW,Huracán,16,28,20
Ecuador,Ángelo Preciado,DF,Atlético Mineiro,17,28,55
Ecuador,Denil Castillo,MF,Midtjylland,18,22,5
Ecuador,Gonzalo Plata,FW,Flamengo,19,25,50
Ecuador,Nilson Angulo,FW,Sunderland,20,22,14
Ecuador,Alan Franco,MF,Atlético Mineiro,21,27,58
Ecuador,Gonzalo Valle,GK,LDU Quito,22,30,4
Ecuador,Moisés Caicedo,MF,Chelsea,23,24,61
Ecuador,Jeremy Arévalo,FW,VfB Stuttgart,24,21,4
Ecuador,Jackson Porozo,DF,Tijuana,25,25,10
Ecuador,Yaimar Medina,DF,Genk,26,21,6
Egypt,Mohamed El Shenawy,GK,Al Ahly,1,37,76
Egypt,Yasser Ibrahim,DF,Al Ahly,2,33,17
Egypt,Mohamed Hany,DF,Al Ahly,3,30,42
Egypt,Hossam Abdelmaguid,DF,Zamalek,4,25,13
Egypt,Ramy Rabia,DF,Al Ain,5,33,44
Egypt,Mohamed Abdelmonem,DF,Nice,6,27,36
Egypt,Trézéguet,FW,Al Ahly,7,31,96
Egypt,Emam Ashour,MF,Al Ahly,8,28,29
Egypt,Hamza Abdelkarim,FW,Barcelona B,9,18,2
Egypt,Mohamed Salah,FW,Liverpool,10,33,116
Egypt,Mostafa Ziko,MF,Pyramids,11,29,2
Egypt,Haissem Hassan,FW,Oviedo,12,24,4
Egypt,Ahmed Fatouh,DF,Zamalek,13,28,39
Egypt,Hamdy Fathy,MF,Al-Wakrah,14,31,63
Egypt,Karim Hafez,DF,Pyramids,15,30,9
Egypt,El Mahdy Soliman,GK,Zamalek,16,39,0
Egypt,Mohanad Lasheen,MF,Pyramids,17,30,23
Egypt,Nabil Emad,MF,Al-Najma,18,30,12
Egypt,Marwan Attia,MF,Al Ahly,19,27,34
Egypt,Ibrahim Adel,FW,Nordsjælland,20,25,24
Egypt,Mahmoud Saber,MF,ZED,21,24,15
Egypt,Omar Marmoush,FW,Manchester City,22,27,49
Egypt,Mostafa Shobeir,GK,Al Ahly,23,26,9
Egypt,Tarek Alaa,DF,ZED,24,24,3
Egypt,Zizo,FW,Al Ahly,25,30,63
Egypt,Mohamed Alaa,GK,El Gouna,26,27,0
England,Jordan Pickford,GK,Everton,1,32,83
England,Ezri Konsa,DF,Aston Villa,2,28,19
England,Nico O'Reilly,DF,Manchester City,3,21,4
England,Declan Rice,MF,Arsenal,4,27,72
England,John Stones,DF,Manchester City,5,32,88
England,Marc Guéhi,DF,Manchester City,6,25,28
England,Bukayo Saka,FW,Arsenal,7,24,48
England,Elliot Anderson,MF,Nottingham Forest,8,23,8
England,Harry Kane,FW,Bayern Munich,9,32,113
England,Jude Bellingham,MF,Real Madrid,10,22,47
England,Marcus Rashford,FW,Barcelona,11,28,71
England,Tino Livramento,DF,Newcastle United,12,23,6
England,Dean Henderson,GK,Crystal Palace,13,29,4
England,Jordan Henderson,MF,Brentford,14,35,90
England,Dan Burn,DF,Newcastle United,15,34,7
England,Kobbie Mainoo,MF,Manchester United,16,21,13
England,Morgan Rogers,MF,Aston Villa,17,23,14
England,Anthony Gordon,FW,Newcastle United,18,25,18
England,Ollie Watkins,FW,Aston Villa,19,30,21
England,Noni Madueke,FW,Arsenal,20,24,10
England,Eberechi Eze,MF,Arsenal,21,27,16
England,Ivan Toney,FW,Al-Ahli,22,30,8
England,James Trafford,GK,Manchester City,23,23,2
England,Reece James,DF,Chelsea,24,26,23
England,Djed Spence,DF,Tottenham Hotspur,25,25,5
England,Jarell Quansah,DF,Bayer Leverkusen,26,23,2
France,Brice Samba,GK,Rennes,1,32,4
France,Malo Gusto,DF,Chelsea,2,23,11
France,Lucas Digne,DF,Aston Villa,3,32,58
France,Dayot Upamecano,DF,Bayern Munich,4,27,38
France,Jules Koundé,DF,Barcelona,5,27,48
France,Manu Koné,MF,Roma,6,25,14
France,Ousmane Dembélé,FW,Paris Saint-Germain,7,29,59
France,Aurélien Tchouaméni,MF,Real Madrid,8,26,46
France,Marcus Thuram,FW,Inter Milan,9,28,34
France,Kylian Mbappé,FW,Real Madrid,10,27,98
France,Michael Olise,FW,Bayern Munich,11,24,17
France,Bradley Barcola,FW,Paris Saint-Germain,12,23,20
France,N'Golo Kanté,MF,Fenerbahçe,13,35,69
France,Adrien Rabiot,MF,Milan,14,31,59
France,Ibrahima Konaté,DF,Liverpool,15,27,28
France,Mike Maignan,GK,Milan,16,30,40
France,William Saliba,DF,Arsenal,17,25,32
France,Warren Zaïre-Emery,MF,Paris Saint-Germain,18,20,11
France,Théo Hernandez,DF,Al-Hilal,19,28,44
France,Désiré Doué,FW,Paris Saint-Germain,20,21,7
France,Lucas Hernandez,DF,Paris Saint-Germain,21,30,42
France,Jean-Philippe Mateta,FW,Crystal Palace,22,28,4
France,Robin Risser,GK,Lens,23,21,0
France,Rayan Cherki,MF,Manchester City,24,22,7
France,Maghnes Akliouche,MF,Monaco,25,24,9
France,Maxence Lacroix,DF,Crystal Palace,26,26,4
Germany,Manuel Neuer,GK,Bayern Munich,1,40,124
Germany,Antonio Rüdiger,DF,Real Madrid,2,33,82
Germany,Waldemar Anton,DF,Borussia Dortmund,3,29,13
Germany,Jonathan Tah,DF,Bayern Munich,4,30,47
Germany,Aleksandar Pavlović,MF,Bayern Munich,5,22,11
Germany,Joshua Kimmich,DF,Bayern Munich,6,31,110
Germany,Kai Havertz,FW,Arsenal,7,27,58
Germany,Leon Goretzka,MF,Bayern Munich,8,31,70
Germany,Jamie Leweling,MF,VfB Stuttgart,9,25,5
Germany,Jamal Musiala,MF,Bayern Munich,10,23,42
Germany,Nick Woltemade,FW,Newcastle United,11,24,11
Germany,Oliver Baumann,GK,TSG Hoffenheim,12,36,13
Germany,Pascal Groß,MF,Brighton & Hove Albion,13,34,18
Germany,Maximilian Beier,FW,Borussia Dortmund,14,23,9
Germany,Nico Schlotterbeck,DF,Borussia Dortmund,15,26,27
Germany,Angelo Stiller,MF,VfB Stuttgart,16,25,8
Germany,Florian Wirtz,MF,Liverpool,17,23,41
Germany,Nathaniel Brown,DF,Eintracht Frankfurt,18,22,5
Germany,Leroy Sané,MF,Galatasaray,19,30,76
Germany,Nadiem Amiri,MF,Mainz 05,20,29,11
Germany,Alexander Nübel,GK,VfB Stuttgart,21,29,3
Germany,David Raum,DF,RB Leipzig,22,28,37
Germany,Felix Nmecha,MF,Borussia Dortmund,23,25,8
Germany,Malick Thiaw,DF,Newcastle United,24,24,5
Germany,Assan Ouédraogo,MF,RB Leipzig,25,20,1
Germany,Deniz Undav,FW,VfB Stuttgart,26,29,9
Ghana,Lawrence Ati-Zigi,GK,St. Gallen,1,29,29
Ghana,Alidu Seidu,DF,Rennes,2,26,24
Ghana,Caleb Yirenkyi,MF,Nordsjælland,3,20,11
Ghana,Jonas Adjetey,DF,VfL Wolfsburg,4,22,10
Ghana,Thomas Partey,MF,Villarreal,5,32,57
Ghana,Abdul Mumin,DF,Rayo Vallecano,6,28,5
Ghana,Abdul Fatawu,FW,Leicester City,7,22,28
Ghana,Kwasi Sibo,MF,Oviedo,8,27,8
Ghana,Jordan Ayew,FW,Leicester City,9,34,120
Ghana,Brandon Thomas-Asante,FW,Coventry City,10,27,8
Ghana,Antoine Semenyo,MF,Manchester City,11,26,34
Ghana,Joseph Anang,GK,St Patrick's Athletic,12,26,1
Ghana,Christopher Bonsu Baah,FW,Al-Qadsiah,13,21,9
Ghana,Gideon Mensah,DF,Auxerre,14,27,40
Ghana,Elisha Owusu,MF,Auxerre,15,28,20
Ghana,Benjamin Asare,GK,Hearts of Oak,16,33,11
Ghana,Abdul Rahman Baba,DF,PAOK,17,31,51
Ghana,Jerome Opoku,DF,İstanbul Başakşehir,18,27,11
Ghana,Iñaki Williams,FW,Athletic Bilbao,19,31,26
Ghana,Augustine Boakye,MF,Saint-Étienne,20,25,0
Ghana,Kojo Peprah Oppong,DF,Nice,21,22,4
Ghana,Kamaldeen Sulemana,FW,Atalanta,22,24,28
Ghana,Derrick Luckassen,DF,Pafos,23,30,1
Ghana,Ernest Nuamah,FW,Lyon,24,22,18
Ghana,Prince Kwabena Adu,FW,Viktoria Plzeň,25,22,5
Ghana,Marvin Senaya,DF,Auxerre,26,25,2
Haiti,Johny Placide,GK,Bastia,1,38,81
Haiti,Carlens Arcus,DF,Angers,2,29,53
Haiti,Keeto Thermoncy,DF,Young Boys,3,20,1
Haiti,Ricardo Adé,DF,LDU Quito,4,36,59
Haiti,Hannes Delcroix,DF,Lugano,5,27,7
Haiti,Carl Sainté,MF,El Paso Locomotive FC,6,23,26
Haiti,Derrick Etienne Jr.,FW,Toronto FC,7,29,48
Haiti,Martin Expérience,DF,Nancy,8,27,21
Haiti,Duckens Nazon,FW,Esteghlal,9,32,78
Haiti,Jean-Ricner Bellegarde,MF,Wolverhampton Wanderers,10,27,10
Haiti,Louicius Deedson,FW,FC Dallas,11,25,32
Haiti,Alexandre Pierre,GK,Sochaux,12,25,15
Haiti,Duke Lacroix,DF,Colorado Springs Switchbacks FC,13,32,16
Haiti,Leverton Pierre,MF,Vizela,14,28,33
Haiti,Ruben Providence,FW,Almere City,15,24,15
Haiti,Lenny Joseph,FW,Ferencváros,16,25,2
Haiti,Danley Jean Jacques,MF,Philadelphia Union,17,26,30
Haiti,Wilson Isidor,FW,Sunderland,18,25,4
Haiti,Yassin Fortuné,FW,Vizela,19,27,4
Haiti,Frantzdy Pierrot,FW,Çaykur Rizespor,20,31,51
Haiti,Josué Casimir,FW,Auxerre,21,24,7
Haiti,Jean-Kévin Duverne,DF,Gent,22,28,17
Haiti,Josué Duverger,GK,Cosmos Koblenz,23,26,6
Haiti,Wilguens Paugain,DF,Zulte Waregem,24,24,8
Haiti,Dominique Simon,MF,Tatran Prešov,25,25,2
Haiti,Woodensky Pierre,MF,Violette,26,21,1
Iran,Alireza Beiranvand,GK,Tractor,1,33,86
Iran,Saleh Hardani,DF,Esteghlal,2,27,18
Iran,Ehsan Hajsafi,DF,Sepahan,3,36,146
Iran,Shojae Khalilzadeh,DF,Tractor,4,37,58
Iran,Milad Mohammadi,DF,Persepolis,5,32,76
Iran,Saeid Ezatolahi,MF,Shabab Al Ahli,6,29,83
Iran,Alireza Jahanbakhsh,MF,Dender,7,32,98
Iran,Mohammad Mohebi,MF,Rostov,8,27,36
Iran,Mehdi Taremi,FW,Olympiacos,9,33,105
Iran,Mehdi Ghayedi,FW,Al Nasr,10,27,30
Iran,Ali Alipour,FW,Persepolis,11,30,14
Iran,Payam Niazmand,GK,Persepolis,12,31,15
Iran,Hossein Kanaanizadegan,DF,Persepolis,13,32,65
Iran,Saman Ghoddos,MF,Kalba,14,32,68
Iran,Rouzbeh Cheshmi,MF,Esteghlal,15,32,40
Iran,Mehdi Torabi,MF,Tractor,16,31,52
Iran,Aria Yousefi,DF,Sepahan,17,24,14
Iran,Amirhossein Hosseinzadeh,FW,Tractor,18,25,18
Iran,Ali Nemati,DF,Foolad,19,30,17
Iran,Shahriyar Moghanlou,FW,Kalba,20,31,21
Iran,Mohammad Ghorbani,MF,Al Wahda,21,24,16
Iran,Hossein Hosseini,GK,Sepahan,22,33,13
Iran,Ramin Rezaeian,DF,Foolad,23,36,74
Iran,Dennis Eckert,FW,Standard Liège,24,29,0
Iran,Danial Eiri,DF,Malavan,25,22,0
Iran,Amirmohammad Razzaghinia,MF,Esteghlal,26,20,4
Iraq,Fahad Talib,GK,Al-Talaba,1,31,21
Iraq,Rebin Sulaka,DF,Port,2,34,55
Iraq,Hussein Ali,DF,Pogoń Szczecin,3,24,26
Iraq,Zaid Tahseen,DF,Pakhtakor,4,25,27
Iraq,Akam Hashim,DF,Al-Zawraa,5,27,13
Iraq,Manaf Younis,DF,Al-Shorta,6,29,33
Iraq,Youssef Amyn,MF,AEK Larnaca,7,22,26
Iraq,Ibrahim Bayesh,MF,Al Dhafra,8,26,75
Iraq,Ali Al-Hamadi,FW,Luton Town,9,24,19
Iraq,Mohanad Ali,FW,Dibba,10,25,71
Iraq,Ahmed Qasem,FW,Nashville SC,11,22,2
Iraq,Jalal Hassan,GK,Al-Zawraa,12,35,101
Iraq,Ali Yousif,FW,Al-Talaba,13,30,6
Iraq,Zidane Iqbal,MF,Utrecht,14,23,24
Iraq,Ahmed Maknzi,DF,Al-Karma,15,24,6
Iraq,Amir Al-Ammari,MF,Cracovia,16,28,50
Iraq,Ali Jasim,FW,Al-Najma,17,22,36
Iraq,Aymen Hussein,FW,Al-Karma,18,30,94
Iraq,Kevin Yakob,MF,AGF,19,25,8
Iraq,Aimar Sher,MF,Sarpsborg 08,20,23,6
Iraq,Marko Farji,FW,Venezia,21,22,11
Iraq,Ahmed Basil,GK,Al-Shorta,22,29,15
Iraq,Merchas Doski,DF,Viktoria Plzeň,23,26,31
Iraq,Zaid Ismail,MF,Al-Talaba,24,24,6
Iraq,Mustafa Saadoon,DF,Al-Shorta,25,25,16
Iraq,Frans Putros,DF,Persib,26,32,27
Ivory Coast,Yahia Fofana,GK,Çaykur Rizespor,1,25,35
Ivory Coast,Ousmane Diomande,DF,Sporting CP,2,22,15
Ivory Coast,Ghislain Konan,DF,Gil Vicente,3,30,54
Ivory Coast,Jean Michaël Seri,MF,Maribor,4,34,65
Ivory Coast,Wilfried Singo,DF,Galatasaray,5,25,34
Ivory Coast,Seko Fofana,MF,Porto,6,31,32
Ivory Coast,Odilon Kossounou,DF,Atalanta,7,25,35
Ivory Coast,Franck Kessié,MF,Al-Ahli,8,29,103
Ivory Coast,Ange-Yoan Bonny,FW,Inter Milan,9,22,1
Ivory Coast,Simon Adingra,FW,Monaco,10,24,29
Ivory Coast,Yan Diomande,FW,RB Leipzig,11,19,10
Ivory Coast,Elye Wahi,FW,Nice,12,23,2
Ivory Coast,Christopher Opéri,DF,İstanbul Başakşehir,13,29,12
Ivory Coast,Oumar Diakité,FW,Cercle Brugge,14,22,29
Ivory Coast,Amad Diallo,FW,Manchester United,15,23,19
Ivory Coast,Mohamed Koné,GK,Charleroi,16,24,0
Ivory Coast,Guéla Doué,DF,Strasbourg,17,23,20
Ivory Coast,Ibrahim Sangaré,MF,Nottingham Forest,18,28,58
Ivory Coast,Nicolas Pépé,FW,Villarreal,19,31,55
Ivory Coast,Emmanuel Agbadou,DF,Beşiktaş,20,28,20
Ivory Coast,Evan Ndicka,DF,Roma,21,26,28
Ivory Coast,Evann Guessand,FW,Crystal Palace,22,24,21
Ivory Coast,Alban Lafont,GK,Panathinaikos,23,27,4
Ivory Coast,Bazoumana Touré,FW,TSG Hoffenheim,24,20,6
Ivory Coast,Parfait Guiagon,MF,Charleroi,25,25,5
Ivory Coast,Christ Inao Oulaï,MF,Trabzonspor,26,20,9
Japan,Zion Suzuki,GK,Parma,1,23,24
Japan,Yukinari Sugawara,DF,Werder Bremen,2,25,21
Japan,Shōgo Taniguchi,DF,Sint-Truiden,3,34,38
Japan,Kō Itakura,DF,Ajax,4,29,40
Japan,Yūto Nagatomo,DF,FC Tokyo,5,39,145
Japan,Wataru Endo,MF,Liverpool,6,33,73
Japan,Ao Tanaka,MF,Leeds United,7,27,38
Japan,Takefusa Kubo,MF,Real Sociedad,8,25,49
Japan,Keisuke Gotō,FW,Sint-Truiden,9,21,4
Japan,Ritsu Dōan,MF,Eintracht Frankfurt,10,27,65
Japan,Daizen Maeda,MF,Celtic,11,28,27
Japan,Keisuke Ōsako,GK,Sanfrecce Hiroshima,12,26,11
Japan,Keito Nakamura,MF,Reims,13,25,25
Japan,Junya Itō,MF,Genk,14,33,69
Japan,Daichi Kamada,MF,Crystal Palace,15,29,49
Japan,Tsuyoshi Watanabe,DF,Feyenoord,16,29,11
Japan,Yuito Suzuki,MF,SC Freiburg,17,24,6
Japan,Ayase Ueda,FW,Feyenoord,18,27,39
Japan,Kōki Ogawa,FW,NEC,19,28,15
Japan,Ayumu Seko,DF,Le Havre,20,26,14
Japan,Hiroki Itō,DF,Bayern Munich,21,27,24
Japan,Takehiro Tomiyasu,DF,Ajax,22,27,43
Japan,Tomoki Hayakawa,GK,Kashima Antlers,23,27,4
Japan,Kaishū Sano,MF,Mainz 05,24,25,13
Japan,Junnosuke Suzuki,DF,Copenhagen,25,22,6
Japan,Kento Shiogai,FW,VfL Wolfsburg,26,21,2
Jordan,Yazeed Abulaila,GK,Al-Hussein,1,33,76
Jordan,Mohammad Abu Hashish,DF,Al-Karma,2,31,56
Jordan,Abdallah Nasib,DF,Al-Zawraa,3,32,65
Jordan,Husam Abu Dahab,DF,Al-Faisaly,4,26,18
Jordan,Yazan Al-Arab,DF,FC Seoul,5,30,80
Jordan,Amer Jamous,MF,Al-Zawraa,6,23,19
Jordan,Mohammad Abu Zrayq,FW,Raja Casablanca,7,28,41
Jordan,Noor Al-Rawabdeh,MF,Selangor,8,29,68
Jordan,Ali Olwan,FW,Al-Sailiya,9,26,66
Jordan,Musa Al-Taamari,FW,Rennes,10,29,92
Jordan,Odeh Al-Fakhouri,FW,Pyramids,11,20,10
Jordan,Nour Bani Attiah,GK,Al-Faisaly,12,33,5
Jordan,Mahmoud Al-Mardi,FW,Al-Hussein,13,32,89
Jordan,Rajaei Ayed,MF,Al-Hussein,14,32,72
Jordan,Ibrahim Sadeh,MF,Al-Karma,15,26,57
Jordan,Mo Abualnadi,DF,Selangor,16,25,18
Jordan,Salim Obaid,DF,Al-Hussein,17,34,11
Jordan,Mohammad Taha,DF,Al-Hussein,18,20,2
Jordan,Saed Al-Rosan,DF,Al-Hussein,19,29,21
Jordan,Mohannad Abu Taha,MF,Al-Quwa Al-Jawiya,20,23,29
Jordan,Nizar Al-Rashdan,MF,Qatar SC,21,27,47
Jordan,Abdallah Al-Fakhouri,GK,Al-Wehdat,22,26,11
Jordan,Ihsan Haddad,DF,Al-Hussein,23,32,92
Jordan,Ali Azaizeh,FW,Al-Shabab,24,22,4
Jordan,Mohammad Al-Dawoud,MF,Al-Wehdat,25,34,13
Jordan,Anas Badawi,DF,Al-Faisaly,26,28,1
Mexico,Raúl Rangel,GK,Guadalajara,1,26,14
Mexico,Jorge Sánchez,DF,PAOK,2,28,59
Mexico,César Montes,DF,Lokomotiv Moscow,3,29,67
Mexico,Edson Álvarez,DF,Fenerbahçe,4,28,98
Mexico,Johan Vásquez,DF,Genoa,5,27,46
Mexico,Érik Lira,MF,Cruz Azul,6,26,25
Mexico,Luis Romo,MF,Guadalajara,7,31,63
Mexico,Álvaro Fidalgo,MF,Real Betis,8,29,4
Mexico,Raúl Jiménez,FW,Fulham,9,35,124
Mexico,Alexis Vega,FW,Toluca,10,28,52
Mexico,Santiago Giménez,FW,Milan,11,25,47
Mexico,Carlos Acevedo,GK,Santos Laguna,12,30,7
Mexico,Guillermo Ochoa,GK,AEL Limassol,13,40,152
Mexico,Armando González,FW,Guadalajara,14,23,7
Mexico,Israel Reyes,DF,América,15,26,34
Mexico,Julián Quiñones,FW,Al-Qadsiah,16,29,22
Mexico,Orbelín Pineda,MF,AEK Athens,17,30,92
Mexico,Obed Vargas,MF,Atlético Madrid,18,20,6
Mexico,Gilberto Mora,MF,Tijuana,19,17,8
Mexico,Mateo Chávez,DF,AZ,20,22,10
Mexico,César Huerta,FW,Anderlecht,21,25,26
Mexico,Guillermo Martínez,FW,Pumas,22,31,12
Mexico,Jesús Gallardo,DF,Toluca,23,31,121
Mexico,Luis Chávez,MF,Dynamo Moscow,24,30,45
Mexico,Roberto Alvarado,FW,Guadalajara,25,27,67
Mexico,Brian Gutiérrez,MF,Guadalajara,26,22,7
Morocco,Yassine Bounou,GK,Al-Hilal,1,35,90
Morocco,Achraf Hakimi,DF,Paris Saint-Germain,2,27,96
Morocco,Noussair Mazraoui,DF,Manchester United,3,28,45
Morocco,Sofyan Amrabat,MF,Real Betis,4,29,75
Morocco,Nayef Aguerd,DF,Marseille,5,30,64
Morocco,Ayyoub Bouaddi,MF,Lille,6,18,4
Morocco,Chemsdine Talbi,MF,Sunderland,7,21,5
Morocco,Azzedine Ounahi,MF,Girona,8,26,49
Morocco,Soufiane Rahimi,FW,Al Ain,9,30,37
Morocco,Brahim Díaz,FW,Real Madrid,10,26,26
Morocco,Ismael Saibari,MF,PSV Eindhoven,11,25,31
Morocco,Munir Mohamedi,GK,RS Berkane,12,37,53
Morocco,Zakaria El Ouahdi,DF,Genk,13,24,3
Morocco,Issa Diop,DF,Fulham,14,29,4
Morocco,Samir El Mourabet,MF,Strasbourg,15,20,4
Morocco,Gessime Yassine,MF,Strasbourg,16,20,5
Morocco,Abde Ezzalzouli,FW,Real Betis,17,24,37
Morocco,Chadi Riad,DF,Crystal Palace,18,22,6
Morocco,Youssef Belammari,DF,Al Ahly,19,27,19
Morocco,Ayoub El Kaabi,FW,Olympiacos,20,32,71
Morocco,Ayoube Amaimouni,FW,Eintracht Frankfurt,21,21,2
Morocco,Ahmed Reda Tagnaouti,GK,AS FAR,22,30,3
Morocco,Bilal El Khannouss,MF,VfB Stuttgart,23,22,37
Morocco,Neil El Aynaoui,MF,Roma,24,24,16
Morocco,Redouane Halhal,DF,Mechelen,25,23,3
Morocco,Anass Salah-Eddine,DF,PSV Eindhoven,26,24,9
Netherlands,Bart Verbruggen,GK,Brighton & Hove Albion,1,23,29
Netherlands,Lutsharel Geertruida,DF,Sunderland,2,25,21
Netherlands,Marten de Roon,MF,Atalanta,3,35,43
Netherlands,Virgil van Dijk,DF,Liverpool,4,34,92
Netherlands,Nathan Aké,DF,Manchester City,5,31,59
Netherlands,Jan Paul van Hecke,DF,Brighton & Hove Albion,6,26,12
Netherlands,Justin Kluivert,MF,Bournemouth,7,27,12
Netherlands,Ryan Gravenberch,MF,Liverpool,8,24,27
Netherlands,Wout Weghorst,FW,Ajax,9,33,52
Netherlands,Memphis Depay,FW,Corinthians,10,32,109
Netherlands,Cody Gakpo,FW,Liverpool,11,27,50
Netherlands,Mats Wieffer,DF,Brighton & Hove Albion,12,26,15
Netherlands,Robin Roefs,GK,Sunderland,13,23,1
Netherlands,Tijjani Reijnders,MF,Manchester City,14,27,32
Netherlands,Micky van de Ven,DF,Tottenham Hotspur,15,25,21
Netherlands,Guus Til,MF,PSV Eindhoven,16,28,7
Netherlands,Noa Lang,FW,Galatasaray,17,26,15
Netherlands,Donyell Malen,FW,Roma,18,27,53
Netherlands,Brian Brobbey,FW,Sunderland,19,24,12
Netherlands,Teun Koopmeiners,MF,Juventus,20,28,28
Netherlands,Frenkie de Jong,MF,Barcelona,21,29,66
Netherlands,Denzel Dumfries,DF,Inter Milan,22,30,72
Netherlands,Mark Flekken,GK,Bayer Leverkusen,23,32,12
Netherlands,Crysencio Summerville,FW,West Ham United,24,24,2
Netherlands,Jorrel Hato,DF,Chelsea,25,20,8
Netherlands,Quinten Timber,MF,Marseille,26,24,11
New Zealand,Max Crocombe,GK,Millwall,1,32,24
New Zealand,Tim Payne,DF,Wellington Phoenix,2,32,51
New Zealand,Francis de Vries,DF,Auckland FC,3,31,20
New Zealand,Tyler Bindon,DF,Sheffield United,4,21,25
New Zealand,Michael Boxall,DF,Minnesota United FC,5,37,63
New Zealand,Joe Bell,MF,Viking,6,27,32
New Zealand,Matthew Garbett,MF,Peterborough United,7,24,37
New Zealand,Marko Stamenić,MF,Swansea City,8,24,39
New Zealand,Chris Wood,FW,Nottingham Forest,9,34,90
New Zealand,Sarpreet Singh,MF,Wellington Phoenix,10,27,28
New Zealand,Elijah Just,MF,Motherwell,11,26,44
New Zealand,Alex Paulsen,GK,Lechia Gdańsk,12,23,8
New Zealand,Liberato Cacace,DF,Wrexham,13,25,37
New Zealand,Alex Rufer,MF,Wellington Phoenix,14,29,26
New Zealand,Nando Pijnaker,DF,Auckland FC,15,27,25
New Zealand,Finn Surman,DF,Portland Timbers,16,22,19
New Zealand,Kosta Barbarouses,FW,Western Sydney Wanderers,17,36,76
New Zealand,Ben Waine,FW,Port Vale,18,25,31
New Zealand,Ben Old,MF,Saint-Étienne,19,23,24
New Zealand,Callum McCowatt,MF,Silkeborg,20,27,32
New Zealand,Jesse Randall,FW,Auckland FC,21,23,11
New Zealand,Michael Woud,GK,Auckland FC,22,27,6
New Zealand,Ryan Thomas,MF,PEC Zwolle,23,31,25
New Zealand,Callan Elliot,DF,Auckland FC,24,26,11
New Zealand,Lachlan Bayliss,MF,Newcastle Jets,25,23,4
New Zealand,Tommy Smith,DF,Braintree Town,26,36,56
Norway,Ørjan Nyland,GK,Sevilla,1,35,71
Norway,Morten Thorsby,MF,Cremonese,2,30,31
Norway,Kristoffer Ajer,DF,Brentford,3,28,52
Norway,Leo Østigård,DF,Genoa,4,26,38
Norway,David Møller Wolfe,DF,Wolverhampton Wanderers,5,24,22
Norway,Patrick Berg,MF,Bodø/Glimt,6,28,43
Norway,Alexander Sørloth,FW,Atlético Madrid,7,30,72
Norway,Sander Berge,MF,Fulham,8,28,66
Norway,Erling Haaland,FW,Manchester City,9,25,50
Norway,Martin Ødegaard,MF,Arsenal,10,27,68
Norway,Jørgen Strand Larsen,FW,Crystal Palace,11,26,28
Norway,Sander Tangvik,GK,Hamburger SV,12,23,0
Norway,Egil Selvik,GK,Watford,13,28,7
Norway,Fredrik Aursnes,MF,Benfica,14,30,22
Norway,Fredrik André Bjørkan,DF,Bodø/Glimt,15,27,21
Norway,Marcus Holmgren Pedersen,DF,Torino,16,25,32
Norway,Torbjørn Heggem,DF,Bologna,17,27,15
Norway,Kristian Thorstvedt,MF,Sassuolo,18,27,37
Norway,Thelo Aasgaard,MF,Rangers,19,24,8
Norway,Antonio Nusa,FW,RB Leipzig,20,21,24
Norway,Andreas Schjelderup,MF,Benfica,21,22,12
Norway,Oscar Bobb,MF,Fulham,22,22,20
Norway,Jens Petter Hauge,MF,Bodø/Glimt,23,26,15
Norway,Sondre Langås,DF,Derby County,24,25,3
Norway,Henrik Falchener,DF,Viking,25,23,1
Norway,Julian Ryerson,FW,Borussia Dortmund,26,28,43
Panama,Luis Mejía,GK,Nacional,1,35,56
Panama,César Blackman,DF,Slovan Bratislava,2,28,40
Panama,José Córdoba,DF,Norwich City,3,25,32
Panama,Fidel Escobar,DF,Saprissa,4,31,99
Panama,Edgardo Fariña,DF,Pari Nizhny Novgorod,5,24,18
Panama,Cristian Martínez,MF,Ironi Kiryat Shmona,6,29,66
Panama,José Luis Rodríguez,MF,Juárez,7,27,70
Panama,Adalberto Carrasquilla,MF,UNAM,8,27,73
Panama,Tomás Rodríguez,FW,Saprissa,9,27,13
Panama,Ismael Díaz,MF,León,10,29,57
Panama,Yoel Bárcenas,MF,Mazatlán,11,32,104
Panama,César Samudio,GK,Marathón,12,32,5
Panama,Jiovany Ramos,DF,Puerto Cabello,13,29,23
Panama,Carlos Harvey,DF,Minnesota United FC,14,26,28
Panama,Eric Davis,DF,Plaza Amador,15,35,107
Panama,Andrés Andrade,DF,LASK,16,27,50
Panama,José Fajardo,FW,Universidad Católica,17,32,68
Panama,Cecilio Waterman,FW,Universidad de Concepción,18,35,55
Panama,Alberto Quintero,MF,Plaza Amador,19,38,141
Panama,Aníbal Godoy,MF,San Diego FC,20,36,159
Panama,César Yanis,MF,Cobresal,21,30,56
Panama,Orlando Mosquera,GK,Al-Fayha,22,31,48
Panama,Michael Amir Murillo,DF,Beşiktaş,23,30,94
Panama,Azarias Londoño,FW,Universidad Católica,24,24,11
Panama,Roderick Miller,DF,Turan Tovuz,25,34,50
Panama,Jorge Gutiérrez,DF,Deportivo La Guaira,26,27,18
Paraguay,Gatito Fernández,GK,Cerro Porteño,1,38,31
Paraguay,Gustavo Velázquez,DF,Cerro Porteño,2,35,13
Paraguay,Omar Alderete,DF,Sunderland,3,29,36
Paraguay,Juan José Cáceres,DF,Dynamo Moscow,4,26,17
Paraguay,Fabián Balbuena,DF,Grêmio,5,34,48
Paraguay,Júnior Alonso,DF,Atlético Mineiro,6,33,71
Paraguay,Ramón Sosa,MF,Palmeiras,7,26,29
Paraguay,Diego Gómez,MF,Brighton & Hove Albion,8,23,24
Paraguay,Antonio Sanabria,FW,Cremonese,9,30,48
Paraguay,Miguel Almirón,MF,Atlanta United FC,10,32,76
Paraguay,Maurício,MF,Palmeiras,11,24,3
Paraguay,Orlando Gill,GK,San Lorenzo,12,26,6
Paraguay,José Canale,DF,Lanús,13,29,2
Paraguay,Andrés Cubas,MF,Vancouver Whitecaps FC,14,30,33
Paraguay,Gustavo Gómez,DF,Palmeiras,15,33,89
Paraguay,Damián Bobadilla,MF,São Paulo,16,24,19
Paraguay,Kaku,FW,Al Ain,17,31,33
Paraguay,Álex Arce,FW,Independiente Rivadavia,18,30,15
Paraguay,Julio Enciso,FW,Strasbourg,19,22,32
Paraguay,Braian Ojeda,MF,Orlando City SC,20,25,17
Paraguay,Gabriel Ávalos,FW,Independiente,21,35,23
Paraguay,Gastón Olveira,GK,Olimpia,22,33,1
Paraguay,Matías Galarza,MF,Atlanta United FC,23,24,15
Paraguay,Gustavo Caballero,MF,Portsmouth,24,24,2
Paraguay,Isidro Pitta,FW,Red Bull Bragantino,25,26,5
Paraguay,Alexandro Maidana,DF,Talleres,26,20,2
Portugal,Diogo Costa,GK,Porto,1,26,42
Portugal,Nélson Semedo,DF,Fenerbahçe,2,32,49
Portugal,Rúben Dias,DF,Manchester City,3,29,75
Portugal,Tomás Araújo,DF,Benfica,4,24,4
Portugal,Diogo Dalot,DF,Manchester United,5,27,34
Portugal,Matheus Nunes,MF,Manchester City,6,27,19
Portugal,Cristiano Ronaldo,FW,Al-Nassr,7,41,227
Portugal,Bruno Fernandes,MF,Manchester United,8,31,88
Portugal,Gonçalo Ramos,FW,Paris Saint-Germain,9,24,24
Portugal,Bernardo Silva,MF,Manchester City,10,31,108
Portugal,João Félix,FW,Al-Nassr,11,26,53
Portugal,José Sá,GK,Wolverhampton Wanderers,12,33,5
Portugal,Renato Veiga,DF,Villarreal,13,22,12
Portugal,Gonçalo Inácio,DF,Sporting CP,14,24,21
Portugal,João Neves,MF,Paris Saint-Germain,15,21,21
Portugal,Francisco Trincão,FW,Sporting CP,16,26,17
Portugal,Rafael Leão,FW,Milan,17,27,44
Portugal,Pedro Neto,FW,Chelsea,18,26,24
Portugal,Gonçalo Guedes,FW,Real Sociedad,19,29,34
Portugal,João Cancelo,DF,Barcelona,20,32,67
Portugal,Rúben Neves,MF,Al-Hilal,21,29,66
Portugal,Rui Silva,GK,Sporting CP,22,32,3
Portugal,Vitinha,MF,Paris Saint-Germain,23,26,37
Portugal,Samú Costa,DF,Mallorca,24,25,5
Portugal,Nuno Mendes,DF,Paris Saint-Germain,25,23,43
Portugal,Francisco Conceição,FW,Juventus,26,23,16
Qatar,Mahmud Abunada,GK,Al-Rayyan,1,26,5
Qatar,Pedro Miguel,DF,Al-Sadd,2,35,99
Qatar,Lucas Mendes,DF,Al-Wakrah,3,35,25
Qatar,Issa Laye,DF,Al-Arabi,4,28,4
Qatar,Jassem Gaber,DF,Al-Rayyan,5,24,32
Qatar,Abdulaziz Hatem,MF,Al-Rayyan,6,36,117
Qatar,Ahmed Alaaeldin,FW,Al-Rayyan,7,33,68
Qatar,Edmilson Junior,FW,Al-Duhail,8,31,16
Qatar,Mohammed Muntari,FW,Al-Gharafa,9,32,67
Qatar,Hassan Al-Haydos,FW,Al-Sadd,10,35,186
Qatar,Akram Afif,FW,Al-Sadd,11,29,125
Qatar,Karim Boudiaf,MF,Al-Duhail,12,35,118
Qatar,Ayoub Al-Oui,DF,Al-Gharafa,13,21,6
Qatar,Homam Ahmed,DF,Cultural Leonesa,14,26,68
Qatar,Yusuf Abdurisag,FW,Al-Wakrah,15,26,39
Qatar,Boualem Khoukhi,DF,Al-Sadd,16,35,116
Qatar,Ahmed Al-Ganehi,MF,Al-Gharafa,17,25,13
Qatar,Sultan Al-Brake,DF,Al-Duhail,18,30,17
Qatar,Almoez Ali,FW,Al-Duhail,19,29,115
Qatar,Ahmed Fathy,MF,Al-Arabi,20,33,48
Qatar,Salah Zakaria,GK,Al-Duhail,21,27,8
Qatar,Meshaal Barsham,GK,Al-Sadd,22,28,52
Qatar,Assim Madibo,MF,Al-Wakrah,23,29,51
Qatar,Tahsin Jamshid,FW,Al-Duhail,24,19,3
Qatar,Al-Hashmi Al-Hussain,DF,Al-Arabi,25,22,8
Qatar,Mohamed Manai,FW,Al-Shamal,26,23,10
Saudi Arabia,Nawaf Al-Aqidi,GK,Al-Nassr,1,26,22
Saudi Arabia,Ali Majrashi,DF,Al-Ahli,2,26,21
Saudi Arabia,Ali Lajami,DF,Al-Hilal,3,30,21
Saudi Arabia,Abdulelah Al-Amri,DF,Al-Nassr,4,29,42
Saudi Arabia,Hassan Al-Tambakti,DF,Al-Hilal,5,27,51
Saudi Arabia,Nasser Al-Dawsari,MF,Al-Hilal,6,27,43
Saudi Arabia,Musab Al-Juwayr,MF,Al-Qadsiah,7,22,34
Saudi Arabia,Ayman Yahya,FW,Al-Nassr,8,25,26
Saudi Arabia,Firas Al-Buraikan,FW,Al-Ahli,9,26,69
Saudi Arabia,Salem Al-Dawsari,FW,Al-Hilal,10,34,109
Saudi Arabia,Saleh Al-Shehri,FW,Al-Ittihad,11,32,55
Saudi Arabia,Saud Abdulhamid,DF,Lens,12,26,54
Saudi Arabia,Nawaf Boushal,DF,Al-Nassr,13,26,24
Saudi Arabia,Hassan Kadesh,DF,Al-Ittihad,14,33,20
Saudi Arabia,Abdullah Al-Khaibari,MF,Al-Nassr,15,29,39
Saudi Arabia,Ziyad Al-Johani,MF,Al-Ahli,16,24,12
Saudi Arabia,Khalid Al-Ghannam,FW,Al-Ettifaq,17,25,6
Saudi Arabia,Alaa Al-Hejji,MF,Neom,18,30,2
Saudi Arabia,Abdullah Al-Hamdan,FW,Al-Nassr,19,26,49
Saudi Arabia,Sultan Mandash,FW,Al-Hilal,20,31,6
Saudi Arabia,Mohammed Al-Owais,GK,Al-Ula,21,34,63
Saudi Arabia,Ahmed Al-Kassar,GK,Al-Qadsiah,22,35,9
Saudi Arabia,Mohamed Kanno,MF,Al-Hilal,23,31,76
Saudi Arabia,Moteb Al-Harbi,DF,Al-Hilal,24,26,12
Saudi Arabia,Jehad Thakri,DF,Al-Qadsiah,25,24,7
Saudi Arabia,Mohammed Abu Al-Shamat,DF,Al-Qadsiah,26,23,6
Scotland,Angus Gunn,GK,Nottingham Forest,1,30,22
Scotland,Aaron Hickey,DF,Brentford,2,24,21
Scotland,Andy Robertson,DF,Liverpool,3,32,94
Scotland,Scott McTominay,MF,Napoli,4,29,70
Scotland,Grant Hanley,DF,Hibernian,5,34,68
Scotland,Kieran Tierney,DF,Celtic,6,29,56
Scotland,John McGinn,MF,Aston Villa,7,31,86
Scotland,Tyler Fletcher,MF,Manchester United,8,19,2
Scotland,Lyndon Dykes,FW,Charlton Athletic,9,30,51
Scotland,Ché Adams,FW,Torino,10,29,47
Scotland,Ryan Christie,MF,Bournemouth,11,31,68
Scotland,Liam Kelly,GK,Rangers,12,30,3
Scotland,Jack Hendry,DF,Al-Ettifaq,13,31,38
Scotland,Ross Stewart,FW,Southampton,14,29,3
Scotland,John Souttar,DF,Rangers,15,29,24
Scotland,Dominic Hyam,DF,Wrexham,16,30,4
Scotland,Ben Gannon-Doak,FW,Bournemouth,17,20,14
Scotland,George Hirst,FW,Ipswich Town,18,27,10
Scotland,Lewis Ferguson,MF,Bologna,19,26,24
Scotland,Lawrence Shankland,FW,Heart of Midlothian,20,30,20
Scotland,Craig Gordon,GK,Heart of Midlothian,21,43,84
Scotland,Nathan Patterson,DF,Everton,22,24,26
Scotland,Kenny McLean,MF,Norwich City,23,34,58
Scotland,Anthony Ralston,DF,Celtic,24,27,27
Scotland,Findlay Curtis,FW,Kilmarnock,25,20,3
Scotland,Scott McKenna,DF,Dinamo Zagreb,26,29,50
Senegal,Yehvann Diouf,GK,Nice,1,26,2
Senegal,Mamadou Sarr,DF,Chelsea,2,20,7
Senegal,Kalidou Koulibaly,DF,Al-Hilal,3,34,102
Senegal,Abdoulaye Seck,DF,Maccabi Haifa,4,34,22
Senegal,Idrissa Gueye,MF,Everton,5,36,130
Senegal,Pathé Ciss,MF,Rayo Vallecano,6,32,29
Senegal,Assane Diao,FW,Como,7,20,5
Senegal,Lamine Camara,MF,Monaco,8,22,32
Senegal,Bamba Dieng,FW,Lorient,9,26,22
Senegal,Sadio Mané,FW,Al-Nassr,10,34,127
Senegal,Nicolas Jackson,FW,Bayern Munich,11,24,32
Senegal,Cherif Ndiaye,FW,Samsunspor,12,30,18
Senegal,Iliman Ndiaye,FW,Everton,13,26,39
Senegal,Ismail Jakobs,DF,Galatasaray,14,26,29
Senegal,Krépin Diatta,DF,Monaco,15,27,60
Senegal,Édouard Mendy,GK,Al-Ahli,16,34,56
Senegal,Pape Matar Sarr,MF,Tottenham Hotspur,17,23,39
Senegal,Ismaïla Sarr,FW,Crystal Palace,18,28,82
Senegal,Moussa Niakhaté,DF,Lyon,19,30,30
Senegal,Ibrahim Mbaye,FW,Paris Saint-Germain,20,18,10
Senegal,Habib Diarra,MF,Sunderland,21,22,20
Senegal,Bara Sapoko Ndiaye,MF,Bayern Munich,22,18,1
Senegal,Mory Diaw,GK,Le Havre,23,32,5
Senegal,Antoine Mendy,DF,Nice,24,22,6
Senegal,El Hadji Malick Diouf,DF,West Ham United,25,21,19
Senegal,Pape Gueye,MF,Villarreal,26,27,41
South Africa,Ronwen Williams,GK,Mamelodi Sundowns,1,34,62
South Africa,Thabang Matuludi,DF,Polokwane City,2,27,2
South Africa,Khulumani Ndamane,DF,Mamelodi Sundowns,3,22,5
South Africa,Teboho Mokoena,MF,Mamelodi Sundowns,4,29,51
South Africa,Thalente Mbatha,MF,Orlando Pirates,5,26,14
South Africa,Aubrey Modiba,DF,Mamelodi Sundowns,6,30,44
South Africa,Oswin Appollis,FW,Orlando Pirates,7,24,25
South Africa,Tshepang Moremi,FW,Orlando Pirates,8,25,9
South Africa,Lyle Foster,FW,Burnley,9,25,26
South Africa,Relebohile Mofokeng,FW,Orlando Pirates,10,21,12
South Africa,Themba Zwane,MF,Mamelodi Sundowns,11,36,53
South Africa,Thapelo Maseko,FW,AEL Limassol,12,22,9
South Africa,Sphephelo Sithole,MF,Tondela,13,27,27
South Africa,Mbekezeli Mbokazi,DF,Chicago Fire FC,14,20,10
South Africa,Iqraam Rayners,FW,Mamelodi Sundowns,15,30,13
South Africa,Sipho Chaine,GK,Orlando Pirates,16,29,3
South Africa,Evidence Makgopa,FW,Orlando Pirates,17,26,26
South Africa,Samukele Kabini,DF,Molde,18,22,5
South Africa,Nkosinathi Sibisi,DF,Orlando Pirates,19,30,19
South Africa,Khuliso Mudau,DF,Mamelodi Sundowns,20,31,32
South Africa,Ime Okon,DF,Hannover 96,21,22,7
South Africa,Ricardo Goss,GK,Siwelele,22,32,4
South Africa,Jayden Adams,MF,Mamelodi Sundowns,23,25,4
South Africa,Olwethu Makhanya,DF,Philadelphia Union,24,22,0
South Africa,Kamogelo Sebelebele,FW,Orlando Pirates,25,23,2
South Africa,Bradley Cross,DF,Kaizer Chiefs,26,25,0
South Korea,Kim Seung-gyu,GK,FC Tokyo,1,35,87
South Korea,Lee Han-beom,DF,Midtjylland,2,23,8
South Korea,Lee Gi-hyuk,MF,Gangwon FC,3,25,3
South Korea,Kim Min-jae,DF,Bayern Munich,4,29,79
South Korea,Kim Tae-hyeon,DF,Kashima Antlers,5,25,7
South Korea,Hwang In-beom,MF,Feyenoord,6,29,73
South Korea,Son Heung-min,FW,Los Angeles FC,7,33,144
South Korea,Paik Seung-ho,MF,Birmingham City,8,29,27
South Korea,Cho Gue-sung,FW,Midtjylland,9,28,44
South Korea,Lee Jae-sung,MF,Mainz 05,10,33,105
South Korea,Hwang Hee-chan,MF,Wolverhampton Wanderers,11,30,79
South Korea,Song Bum-keun,GK,Jeonbuk Hyundai Motors,12,28,3
South Korea,Lee Tae-seok,DF,Austria Wien,13,23,15
South Korea,Cho Wi-je,DF,Jeonbuk Hyundai Motors,14,24,1
South Korea,Kim Moon-hwan,DF,Daejeon Hana Citizen,15,30,35
South Korea,Park Jin-seob,DF,Zhejiang,16,30,14
South Korea,Bae Jun-ho,MF,Stoke City,17,22,13
South Korea,Oh Hyeon-gyu,FW,Beşiktaş,18,25,27
South Korea,Lee Kang-in,MF,Paris Saint-Germain,19,25,47
South Korea,Yang Hyun-jun,MF,Celtic,20,24,9
South Korea,Jo Hyeon-woo,GK,Ulsan HD,21,34,48
South Korea,Seol Young-woo,DF,Red Star Belgrade,22,27,34
South Korea,Jens Castrop,DF,Borussia Mönchengladbach,23,22,7
South Korea,Kim Jin-gyu,MF,Jeonbuk Hyundai Motors,24,29,22
South Korea,Eom Ji-sung,MF,Swansea City,25,24,9
South Korea,Lee Dong-gyeong,MF,Ulsan HD,26,28,18
Spain,David Raya,GK,Arsenal,1,30,13
Spain,Marc Pubill,DF,Atlético Madrid,2,22,2
Spain,Álex Grimaldo,DF,Bayer Leverkusen,3,30,14
Spain,Eric García,DF,Barcelona,4,25,21
Spain,Marcos Llorente,DF,Atlético Madrid,5,31,24
Spain,Mikel Merino,MF,Arsenal,6,29,43
Spain,Ferran Torres,FW,Barcelona,7,26,57
Spain,Fabián Ruiz,MF,Paris Saint-Germain,8,30,42
Spain,Gavi,MF,Barcelona,9,21,30
Spain,Dani Olmo,FW,Barcelona,10,28,50
Spain,Yéremy Pino,FW,Crystal Palace,11,23,23
Spain,Pedro Porro,DF,Tottenham Hotspur,12,26,18
Spain,Joan Garcia,GK,Barcelona,13,25,2
Spain,Aymeric Laporte,DF,Athletic Bilbao,14,32,46
Spain,Álex Baena,MF,Atlético Madrid,15,24,17
Spain,Rodri,MF,Manchester City,16,29,62
Spain,Nico Williams,FW,Athletic Bilbao,17,23,30
Spain,Martín Zubimendi,MF,Arsenal,18,27,26
Spain,Lamine Yamal,FW,Barcelona,19,18,25
Spain,Pedri,MF,Barcelona,20,23,41
Spain,Mikel Oyarzabal,FW,Real Sociedad,21,29,53
Spain,Pau Cubarsí,DF,Barcelona,22,19,12
Spain,Unai Simón,GK,Athletic Bilbao,23,29,58
Spain,Marc Cucurella,DF,Chelsea,24,27,24
Spain,Víctor Muñoz,FW,Osasuna,25,22,2
Spain,Borja Iglesias,FW,Celta Vigo,26,33,8
Sweden,Jacob Widell Zetterström,GK,Derby County,1,27,3
Sweden,Gustaf Lagerbielke,DF,Braga,2,26,11
Sweden,Victor Lindelöf,DF,Aston Villa,3,31,76
Sweden,Isak Hien,DF,Atalanta,4,27,29
Sweden,Gabriel Gudmundsson,DF,Leeds United,5,27,24
Sweden,Herman Johansson,DF,FC Dallas,6,28,3
Sweden,Lucas Bergvall,MF,Tottenham Hotspur,7,20,10
Sweden,Daniel Svensson,DF,Borussia Dortmund,8,24,13
Sweden,Alexander Isak,FW,Liverpool,9,26,58
Sweden,Benjamin Nygren,MF,Celtic,10,24,11
Sweden,Anthony Elanga,FW,Newcastle United,11,24,30
Sweden,Viktor Johansson,GK,Stoke City,12,27,12
Sweden,Ken Sema,MF,Pafos,13,32,33
Sweden,Hjalmar Ekdal,DF,Burnley,14,27,13
Sweden,Carl Starfelt,DF,Celta Vigo,15,31,18
Sweden,Jesper Karlström,MF,Udinese,16,30,25
Sweden,Viktor Gyökeres,FW,Arsenal,17,28,33
Sweden,Yasin Ayari,MF,Brighton & Hove Albion,18,22,21
Sweden,Mattias Svanberg,MF,VfL Wolfsburg,19,27,41
Sweden,Eric Smith,DF,FC St. Pauli,20,29,2
Sweden,Alexander Bernhardsson,DF,Holstein Kiel,21,27,11
Sweden,Besfort Zeneli,MF,Union Saint-Gilloise,22,23,8
Sweden,Kristoffer Nordfeldt,GK,AIK,23,36,21
Sweden,Elliot Stroud,DF,Mjällby AIF,24,23,1
Sweden,Gustaf Nilsson,FW,Club Brugge,25,29,10
Sweden,Taha Ali,FW,Malmö FF,26,27,2
Switzerland,Gregor Kobel,GK,Borussia Dortmund,1,28,21
Switzerland,Miro Muheim,DF,Hamburger SV,2,28,10
Switzerland,Silvan Widmer,DF,Mainz 05,3,33,60
Switzerland,Nico Elvedi,DF,Borussia Mönchengladbach,4,29,67
Switzerland,Manuel Akanji,DF,Inter Milan,5,30,81
Switzerland,Denis Zakaria,MF,Monaco,6,29,65
Switzerland,Breel Embolo,FW,Rennes,7,29,86
Switzerland,Remo Freuler,MF,Bologna,8,34,88
Switzerland,Johan Manzambi,MF,SC Freiburg,9,20,12
Switzerland,Granit Xhaka,MF,Sunderland,10,33,146
Switzerland,Dan Ndoye,FW,Nottingham Forest,11,25,31
Switzerland,Yvon Mvogo,GK,Lorient,12,32,13
Switzerland,Ricardo Rodriguez,DF,Real Betis,13,33,138
Switzerland,Ardon Jashari,MF,Milan,14,23,8
Switzerland,Djibril Sow,MF,Sevilla,15,29,52
Switzerland,Christian Fassnacht,FW,Young Boys,16,32,23
Switzerland,Rubén Vargas,FW,Sevilla,17,27,61
Switzerland,Eray Cömert,DF,Valencia,18,28,22
Switzerland,Noah Okafor,FW,Leeds United,19,26,25
Switzerland,Michel Aebischer,MF,Pisa,20,29,40
Switzerland,Marvin Keller,GK,Young Boys,21,23,1
Switzerland,Fabian Rieder,MF,FC Augsburg,22,24,28
Switzerland,Zeki Amdouni,FW,Burnley,23,25,29
Switzerland,Aurèle Amenda,DF,Eintracht Frankfurt,24,22,7
Switzerland,Luca Jaquez,DF,VfB Stuttgart,25,23,3
Switzerland,Cedric Itten,FW,Fortuna Düsseldorf,26,29,15
Tunisia,Mouhib Chamakh,GK,Club Africain,1,24,2
Tunisia,Ali Abdi,DF,Nice,2,32,46
Tunisia,Montassar Talbi,DF,Lorient,3,28,64
Tunisia,Omar Rekik,DF,Maribor,4,24,6
Tunisia,Adem Arous,DF,Kasımpaşa,5,21,2
Tunisia,Dylan Bronn,DF,Servette,6,30,52
Tunisia,Elias Achouri,FW,Copenhagen,7,27,30
Tunisia,Elias Saad,FW,Hannover 96,8,26,15
Tunisia,Hazem Mastouri,FW,Dynamo Makhachkala,9,28,19
Tunisia,Hannibal Mejbri,MF,Burnley,10,23,45
Tunisia,Ismaël Gharbi,MF,FC Augsburg,11,22,17
Tunisia,Mortadha Ben Ouanes,DF,Kasımpaşa,12,31,18
Tunisia,Rani Khedira,MF,Union Berlin,13,32,3
Tunisia,Khalil Ayari,MF,Paris Saint-Germain,14,21,4
Tunisia,Hadj Mahmoud,MF,Lugano,15,26,9
Tunisia,Aymen Dahmen,GK,CS Sfaxien,16,29,37
Tunisia,Ellyes Skhiri,MF,Eintracht Frankfurt,17,31,83
Tunisia,Rayan Elloumi,FW,Vancouver Whitecaps FC,18,18,4
Tunisia,Firas Chaouat,FW,Club Africain,19,30,30
Tunisia,Yan Valery,DF,Young Boys,20,27,22
Tunisia,Mohamed Amine Ben Hamida,DF,Espérance de Tunis,21,30,13
Tunisia,Sabri Ben Hessen,GK,Étoile du Sahel,22,29,2
Tunisia,Moutaz Neffati,DF,IFK Norrköping,23,21,5
Tunisia,Raed Chikhaoui,DF,US Monastir,24,22,0
Tunisia,Anis Ben Slimane,MF,Norwich City,25,25,41
Tunisia,Sebastian Tounekti,MF,Celtic,26,23,12
Turkey,Mert Günok,GK,Fenerbahçe,1,37,37
Turkey,Zeki Çelik,DF,Roma,2,29,61
Turkey,Merih Demiral,DF,Al-Ahli,3,28,62
Turkey,Çağlar Söyüncü,DF,Fenerbahçe,4,30,60
Turkey,Salih Özcan,MF,Borussia Dortmund,5,28,30
Turkey,Orkun Kökçü,MF,Beşiktaş,6,25,50
Turkey,Kerem Aktürkoğlu,FW,Fenerbahçe,7,27,52
Turkey,Arda Güler,FW,Real Madrid,8,21,29
Turkey,Deniz Gül,FW,Porto,9,21,8
Turkey,Hakan Çalhanoğlu,MF,Inter Milan,10,32,105
Turkey,Kenan Yıldız,FW,Juventus,11,21,28
Turkey,Altay Bayındır,GK,Manchester United,12,28,12
Turkey,Eren Elmalı,DF,Galatasaray,13,25,23
Turkey,Abdülkerim Bardakcı,DF,Galatasaray,14,31,27
Turkey,Ozan Kabak,DF,TSG Hoffenheim,15,26,30
Turkey,İsmail Yüksek,MF,Fenerbahçe,16,27,32
Turkey,İrfan Can Kahveci,FW,Kasımpaşa,17,30,47
Turkey,Mert Müldür,DF,Fenerbahçe,18,27,45
Turkey,Yunus Akgün,FW,Galatasaray,19,25,19
Turkey,Ferdi Kadıoğlu,DF,Brighton & Hove Albion,20,26,30
Turkey,Barış Alper Yılmaz,FW,Galatasaray,21,26,35
Turkey,Kaan Ayhan,MF,Galatasaray,22,31,73
Turkey,Uğurcan Çakır,GK,Galatasaray,23,30,39
Turkey,Oğuz Aydın,FW,Fenerbahçe,24,25,11
Turkey,Samet Akaydin,DF,Çaykur Rizespor,25,32,19
Turkey,Can Uzun,FW,Eintracht Frankfurt,26,20,6
United States,Matt Turner,GK,New England Revolution,1,31,54
United States,Sergiño Dest,DF,PSV Eindhoven,2,25,39
United States,Chris Richards,DF,Crystal Palace,3,26,36
United States,Tyler Adams,MF,Bournemouth,4,27,54
United States,Antonee Robinson,DF,Fulham,5,28,54
United States,Auston Trusty,DF,Celtic,6,27,8
United States,Giovanni Reyna,MF,Borussia Mönchengladbach,7,23,38
United States,Weston McKennie,MF,Juventus,8,27,66
United States,Ricardo Pepi,FW,PSV Eindhoven,9,23,37
United States,Christian Pulisic,FW,Milan,10,27,86
United States,Brenden Aaronson,FW,Leeds United,11,25,58
United States,Miles Robinson,DF,FC Cincinnati,12,29,40
United States,Tim Ream,DF,Charlotte FC,13,38,82
United States,Sebastian Berhalter,MF,Vancouver Whitecaps FC,14,25,13
United States,Cristian Roldan,MF,Seattle Sounders FC,15,31,47
United States,Alex Freeman,DF,Villarreal,16,21,17
United States,Malik Tillman,MF,Bayer Leverkusen,17,24,30
United States,Max Arfsten,DF,Columbus Crew,18,25,20
United States,Haji Wright,FW,Coventry City,19,28,20
United States,Folarin Balogun,FW,Monaco,20,24,27
United States,Timothy Weah,FW,Marseille,21,26,51
United States,Mark McKenzie,DF,Toulouse,22,27,29
United States,Joe Scally,DF,Borussia Mönchengladbach,23,23,26
United States,Matt Freese,GK,New York City FC,24,27,15
United States,Chris Brady,GK,Chicago Fire FC,25,22,1
United States,Alejandro Zendejas,FW,América,26,28,14
Uruguay,Sergio Rochet,GK,Internacional,1,33,35
Uruguay,José Giménez,DF,Atlético Madrid,2,31,99
Uruguay,Sebastián Cáceres,DF,América,3,26,24
Uruguay,Ronald Araújo,DF,Barcelona,4,27,27
Uruguay,Manuel Ugarte,MF,Manchester United,5,25,36
Uruguay,Rodrigo Bentancur,MF,Tottenham Hotspur,6,28,74
Uruguay,Nicolás de la Cruz,MF,Flamengo,7,29,34
Uruguay,Federico Valverde,MF,Real Madrid,8,27,73
Uruguay,Darwin Núñez,FW,Al-Hilal,9,26,38
Uruguay,Giorgian de Arrascaeta,MF,Flamengo,10,32,60
Uruguay,Facundo Pellistri,FW,Panathinaikos,11,24,39
Uruguay,Santiago Mele,GK,Monterrey,12,28,8
Uruguay,Guillermo Varela,DF,Flamengo,13,33,28
Uruguay,Agustín Canobbio,MF,Fluminense,14,27,15
Uruguay,Emiliano Martínez,MF,Palmeiras,15,26,10
Uruguay,Mathías Olivera,DF,Napoli,16,28,35
Uruguay,Matías Viña,DF,River Plate,17,28,43
Uruguay,Brian Rodríguez,FW,América,18,26,32
Uruguay,Rodrigo Aguirre,FW,UANL,19,31,10
Uruguay,Maximiliano Araújo,MF,Sporting CP,20,26,28
Uruguay,Federico Viñas,FW,Oviedo,21,27,11
Uruguay,Joaquín Piquerez,MF,Palmeiras,22,27,19
Uruguay,Fernando Muslera,GK,Estudiantes,23,39,134
Uruguay,Santiago Bueno,DF,Wolverhampton Wanderers,24,27,8
Uruguay,Juan Manuel Sanabria,MF,Real Salt Lake,25,26,5
Uruguay,Rodrigo Zalazar,MF,Braga,26,26,8
Uzbekistan,Utkir Yusupov,GK,Navbahor Namangan,1,35,40
Uzbekistan,Abdukodir Khusanov,DF,Manchester City,2,22,27
Uzbekistan,Khojiakbar Alijonov,DF,Pakhtakor,3,29,40
Uzbekistan,Farrukh Sayfiev,DF,Neftchi Fergana,4,35,46
Uzbekistan,Rustam Ashurmatov,DF,Esteghlal,5,29,49
Uzbekistan,Akmal Mozgovoy,MF,Pakhtakor,6,27,25
Uzbekistan,Otabek Shukurov,MF,Baniyas,7,29,84
Uzbekistan,Jamshid Iskanderov,MF,Neftchi Fergana,8,32,38
Uzbekistan,Odiljon Hamrobekov,MF,Tractor,9,30,72
Uzbekistan,Jaloliddin Masharipov,MF,Esteghlal,10,32,74
Uzbekistan,Oston Urunov,MF,Persepolis,11,25,42
Uzbekistan,Abduvohid Nematov,GK,Nasaf,12,25,8
Uzbekistan,Sherzod Nasrullaev,DF,Nasaf,13,27,31
Uzbekistan,Eldor Shomurodov,FW,İstanbul Başakşehir,14,30,92
Uzbekistan,Umar Eshmurodov,DF,Nasaf,15,33,29
Uzbekistan,Botirali Ergashev,GK,Neftchi Fergana,16,30,2
Uzbekistan,Dostonbek Khamdamov,MF,Pakhtakor,17,29,34
Uzbekistan,Abdulla Abdullaev,DF,Dibba,18,28,17
Uzbekistan,Azizjon Ganiev,MF,Al Bataeh,19,28,19
Uzbekistan,Azizbek Amonov,FW,Dinamo Samarqand,20,28,12
Uzbekistan,Igor Sergeev,FW,Persepolis,21,33,83
Uzbekistan,Abbosbek Fayzullaev,MF,İstanbul Başakşehir,22,22,32
Uzbekistan,Sherzod Esanov,MF,Bukhara,23,23,1
Uzbekistan,Bekhruz Karimov,DF,Surkhon Termiz,24,18,2
Uzbekistan,Avazbek Ulmasaliev,DF,AGMK,25,26,0
Uzbekistan,Jakhongir Urozov,DF,Dinamo Samarqand,26,22,4
